target_objectid,karst_name,target_raster_cells_rechecked,saved_external_upstream_cells,direct_external_D8_incoming_cells,incoming_drainage_network_cells,drainage_cells_inside_target,internal_D8_edges,D8_edges_leaving_target,drainage_D8_edges_leaving_target,D8_edges_to_nodata_or_edge,diagnostic
630,Meander - Western Creek,3768889,64431363,14374,76,19594,3756212,12677,69,0,External D8 entry confirmed
1228,Mole Creek,15638049,78295441,18577,117,128602,15632675,5374,39,0,External D8 entry confirmed
1229,Mole Creek,39398,55775,592,1,21,38677,721,1,0,External D8 entry confirmed
1230,Mole Creek,23215,22087,274,0,0,22818,397,0,0,External D8 entry confirmed
1231,Mole Creek,120111,79059,564,1,124,119396,715,3,0,External D8 entry confirmed
1233,Mole Creek,254114,4667,258,0,247,252381,1733,3,0,External D8 entry confirmed
1234,Mole Creek,1860399,215662,1644,5,6736,1856156,4243,24,0,External D8 entry confirmed
1235,Mole Creek,43461,168,51,0,0,42737,724,0,0,External D8 entry confirmed
1236,Mole Creek,505838,1222703,814,5,1446,504206,1632,8,0,External D8 entry confirmed
1237,Mole Creek,11134,664731,375,4,318,11116,18,1,0,External D8 entry confirmed
1238,Mole Creek,41926,28542,366,0,35,41384,542,1,0,External D8 entry confirmed
1239,Mole Creek,5613,1524,116,0,0,5448,165,0,0,External D8 entry confirmed
1240,Mole Creek,49456,139414,481,1,179,48973,483,3,0,External D8 entry confirmed
1241,Mole Creek,15784,72065,260,1,110,15604,180,1,0,External D8 entry confirmed
1242,Mole Creek,26772,214091,306,3,263,26496,276,3,0,External D8 entry confirmed
1243,Mole Creek,14965,11210,316,0,0,14820,145,0,0,External D8 entry confirmed
1244,Mole Creek,15977,20841,209,0,100,15886,91,1,0,External D8 entry confirmed
1245,Mole Creek,33930,101816,476,1,287,33683,247,2,0,External D8 entry confirmed
1246,Mole Creek,24864,10758,183,0,0,24577,287,0,0,External D8 entry confirmed
1247,Mole Creek,10427,33081,51,1,31,10182,245,1,0,External D8 entry confirmed
1248,Mole Creek,131133,826785,878,12,866,130492,641,10,0,External D8 entry confirmed
1249,Mole Creek,628072,10811,440,0,359,622938,5134,4,0,External D8 entry confirmed
1250,Mole Creek,108662,0,0,0,0,107148,1514,0,0,Zero count supported: no external D8 entry
1251,Mole Creek,61950,497,31,0,0,61043,907,0,0,External D8 entry confirmed
1252,Mole Creek,182045,6984,229,0,21,180448,1597,1,0,External D8 entry confirmed
1253,Mole Creek,1832299,278522,2744,6,4087,1824308,7991,18,0,External D8 entry confirmed
1259,Mole Creek,42110,332722,408,4,223,41664,446,3,0,External D8 entry confirmed
1260,Mole Creek,8195,1545,112,0,0,8036,159,0,0,External D8 entry confirmed
1261,Mole Creek,9417,6533,155,0,0,9340,77,0,0,External D8 entry confirmed
1262,Mole Creek,761645,9730213,6019,18,8547,760529,1116,7,0,External D8 entry confirmed
1263,Mole Creek,128986,158534,1319,0,903,128798,188,2,0,External D8 entry confirmed
1264,Mole Creek,762851,17634067,4801,37,7743,762154,697,11,0,External D8 entry confirmed
1265,Mole Creek,215733,83264,1209,0,311,214662,1071,4,0,External D8 entry confirmed
1266,Mole Creek,472039,68728049,2842,23,4343,470599,1440,14,0,External D8 entry confirmed
1267,Mole Creek,19569542,71296513,49626,247,144555,19550086,19456,117,0,External D8 entry confirmed
1268,Mole Creek,54387,10634409,655,2,356,54155,232,1,0,External D8 entry confirmed
1269,Mole Creek,45295,691854,392,2,438,45009,286,3,0,External D8 entry confirmed
1270,Mole Creek,151078,3377413,1908,12,1986,150692,386,5,0,External D8 entry confirmed
1271,Mole Creek,16850,686,45,0,0,16481,369,0,0,External D8 entry confirmed
1272,Mole Creek,592526,1224171,2115,11,4160,591730,796,6,0,External D8 entry confirmed
1273,Mole Creek,1003262,5991069,3421,19,7152,1001060,2202,19,0,External D8 entry confirmed
1274,Mole Creek,13411,28707,230,0,41,13319,92,1,0,External D8 entry confirmed
1275,Mole Creek,16603,1578077,293,2,280,16523,80,1,0,External D8 entry confirmed
1276,Mole Creek,7649,36520,86,1,15,7491,158,1,0,External D8 entry confirmed
1277,Mole Creek,89525,10142,291,0,86,88610,915,1,0,External D8 entry confirmed
1278,Mole Creek,6064,42941,155,1,50,5972,92,1,0,External D8 entry confirmed
1279,Mole Creek,13041,7379,96,0,0,12776,265,0,0,External D8 entry confirmed
1280,Mole Creek,10394,6865,167,0,0,10284,110,0,0,External D8 entry confirmed
1281,Mole Creek,170950,569998,1263,5,826,170005,945,5,0,External D8 entry confirmed
1282,Mole Creek,118629,273601,492,3,677,118163,466,3,0,External D8 entry confirmed
1283,Mole Creek,8810,596026,296,1,120,8772,38,1,0,External D8 entry confirmed
1284,Mole Creek,38937,877637,355,1,345,38742,195,1,0,External D8 entry confirmed
1285,Mole Creek,136158,140769,898,1,625,135719,439,2,0,External D8 entry confirmed
1286,Mole Creek,21856,9932,207,0,0,21653,203,0,0,External D8 entry confirmed
1287,Mole Creek,1861718,5619325,5880,30,7070,1854548,7170,39,0,External D8 entry confirmed
1288,Mole Creek,286116,163386,861,4,829,285032,1084,6,0,External D8 entry confirmed
1289,Mole Creek,32915,75764,359,1,65,32754,161,1,0,External D8 entry confirmed
1290,Mole Creek,68427,283086,901,3,542,68233,194,2,0,External D8 entry confirmed
1291,Mole Creek,724455,5327809,2224,10,3084,722232,2223,7,0,External D8 entry confirmed
1292,Mole Creek,2146680,9848931,5648,28,12493,2144257,2423,16,0,External D8 entry confirmed
1293,Mole Creek,5767119,9562682,11892,57,31813,5759019,8100,44,0,External D8 entry confirmed
1294,Mole Creek,737984,9271295,4407,20,5091,735584,2400,14,0,External D8 entry confirmed
1295,Mole Creek,138448,1240,119,0,0,136756,1692,0,0,External D8 entry confirmed
1296,Mole Creek,1997359,67201716,8362,47,12270,1991707,5652,35,0,External D8 entry confirmed
1297,Mole Creek,724363,28892949,1531,14,3926,722573,1790,9,0,External D8 entry confirmed
1298,Mole Creek (Chudleigh Hill),33545,108584,495,1,222,33295,250,2,0,External D8 entry confirmed
