target_objectid,karst_name,karst_category,karst_intensity,target_raster_cells,upstream_cell_count,upstream_area_m2,upstream_kproxcatch_cells,upstream_kdistcatch_cells,upstream_kprox_kdist_overlap_cells
1281,Mole Creek,A,4,170950,740948,2963792.0,546459,4288,0
1273,Mole Creek,A,4,1003262,6994331,27977324.0,5950943,9828,0
1248,Mole Creek,A,4,131133,957918,3831672.0,530381,138028,0
1282,Mole Creek,A,4,118629,392230,1568920.0,178145,3573,0
1274,Mole Creek,A,4,13411,42118,168472.0,0,28707,0
630,Meander - Western Creek,D,1,3768889,68200252,272801008.0,64134095,0,0
1228,Mole Creek,B,3,15638049,93933490,375733960.0,77564554,121780,0
1236,Mole Creek,B,3,505838,1728541,6914164.0,425295,0,0
1229,Mole Creek,B,3,39398,95173,380692.0,55644,0,0
1230,Mole Creek,B,3,23215,45302,181208.0,21131,0,0
1235,Mole Creek,B,3,43461,43629,174516.0,0,0,0
1233,Mole Creek,B,3,254114,258781,1035124.0,2866,0,0
1231,Mole Creek,B,3,120111,199170,796680.0,67354,0,0
1243,Mole Creek,B,3,14965,26175,104700.0,8987,0,0
1244,Mole Creek,B,3,15977,36818,147272.0,14089,2811,0
1298,Mole Creek (Chudleigh Hill),A,4,33545,142129,568516.0,107609,0,0
1245,Mole Creek,B,3,33930,135746,542984.0,76835,36,0
1253,Mole Creek,B,3,1832299,2110821,8443284.0,254744,1839,0
1234,Mole Creek,B,3,1860399,2076061,8304244.0,35508,0,0
1246,Mole Creek,B,3,24864,35622,142488.0,7785,2973,0
1283,Mole Creek,A,4,8810,604836,2419344.0,593710,2241,0
1237,Mole Creek,A,4,11134,675865,2703460.0,662878,0,0
1292,Mole Creek,A,4,2146680,11995611,47982444.0,4496181,418697,0
1270,Mole Creek,A,4,151078,3528491,14113964.0,2534463,19470,0
1269,Mole Creek,A,4,45295,737149,2948596.0,605610,0,0
1293,Mole Creek,A,4,5767119,15329801,61319204.0,7403466,451055,0
1295,Mole Creek,A,4,138448,139688,558752.0,0,402,0
1238,Mole Creek,B,3,41926,70468,281872.0,19052,9353,0
1240,Mole Creek,B,3,49456,188870,755480.0,130352,9044,0
1239,Mole Creek,B,3,5613,7137,28548.0,1503,21,0
1287,Mole Creek,A,4,1861718,7481043,29924172.0,4168848,1141693,0
1241,Mole Creek,B,3,15784,87849,351396.0,71998,67,0
1284,Mole Creek,A,4,38937,916574,3666296.0,725451,143301,0
1285,Mole Creek,A,4,136158,276927,1107708.0,0,130550,0
1263,Mole Creek,A,4,128986,287520,1150080.0,81447,7034,0
1242,Mole Creek,B,3,26772,240863,963452.0,213565,526,0
1275,Mole Creek,A,4,16603,1594680,6378720.0,1190411,218187,0
1286,Mole Creek,A,4,21856,31788,127152.0,0,9932,0
1249,Mole Creek,A,4,628072,638883,2555532.0,0,9245,0
1288,Mole Creek,A,4,286116,449502,1798008.0,20567,133580,0
1267,Mole Creek,A,4,19569542,90866055,363464220.0,41001115,6155332,79700
1276,Mole Creek,A,4,7649,44169,176676.0,0,12741,0
1247,Mole Creek,B,3,10427,43508,174032.0,0,33081,0
1250,Mole Creek,A,4,108662,108662,434648.0,0,0,0
1277,Mole Creek,A,4,89525,99667,398668.0,5021,5121,0
1251,Mole Creek,A,4,61950,62447,249788.0,0,497,0
1289,Mole Creek,A,4,32915,108679,434716.0,27986,47778,0
1291,Mole Creek,A,4,724455,6052264,24209056.0,5301953,186,0
1272,Mole Creek,A,4,592526,1816697,7266788.0,824775,17436,0
1264,Mole Creek,A,4,762851,18396918,73587672.0,9664079,2853718,0
1279,Mole Creek,A,4,13041,20420,81680.0,0,0,0
1262,Mole Creek,A,4,761645,10491858,41967432.0,4747538,17417,0
1278,Mole Creek,A,4,6064,49005,196020.0,4082,37169,0
1271,Mole Creek,A,4,16850,17536,70144.0,0,686,0
1294,Mole Creek,A,4,737984,10009279,40037116.0,3351059,4074443,0
1259,Mole Creek,A,4,42110,374832,1499328.0,147138,33395,0
1290,Mole Creek,A,4,68427,351513,1406052.0,280396,0,0
1296,Mole Creek,A,4,1997359,69199075,276796300.0,31538733,14090623,182045
1265,Mole Creek,A,4,215733,298997,1195988.0,82802,17,0
1266,Mole Creek,A,4,472039,69200088,276800352.0,31539066,15616418,182045
1252,Mole Creek,A,4,182045,189029,756116.0,0,6984,0
1260,Mole Creek,A,4,8195,9740,38960.0,0,1545,0
1268,Mole Creek,A,4,54387,10688796,42755184.0,3411625,4699573,60566
1261,Mole Creek,A,4,9417,15950,63800.0,0,6533,0
1297,Mole Creek,A,4,724363,29617312,118469248.0,12939313,4456789,0
1280,Mole Creek,A,4,10394,17259,69036.0,0,6865,0
