target_objectid,karst_name,karst_category,karst_intensity,KINTERSTR,is_interstratal,target_raster_cells,target_cells_excluded_from_total,upstream_cell_count,upstream_cells_per_target_cell,upstream_area_m2,upstream_kproxcatch_cells_excluding_target,upstream_kproxcatch_area_m2_excluding_target,cell_area_m2,hydrological_connectivity_vulnerability_score_logscale
1281,Mole Creek,A,4,0,False,1096,0,5580,5.091240875912408,3487500.017403743,4351,2719375.013570553,625.0000031189504,1
1273,Mole Creek,A,4,0,False,6425,0,44172,6.875019455252918,27607500.13777028,37532,23457500.117060445,625.0000031189504,2
1248,Mole Creek,A,4,A,True,846,846,5648,6.67612293144208,3530000.017615832,4378,2736250.0136547647,625.0000031189504,2
1282,Mole Creek,A,4,0,False,755,0,3109,4.117880794701986,1943125.0096968168,1578,986250.0049217036,625.0000031189504,1
1274,Mole Creek,A,4,0,False,86,0,23759,276.2674418604651,14849375.074103145,12644,7902500.039436009,625.0000031189504,3
630,Meander - Western Creek,D,1,0,False,24111,0,438289,18.177968562067107,273930626.36700165,411119,256949376.28225976,625.0000031189504,2
1228,Mole Creek,B,3,0,False,100076,0,637702,6.372177145369519,398563751.9889609,513867,321166876.6027257,625.0000031189504,2
1236,Mole Creek,B,3,B,True,3236,3236,8497,2.6257725587144622,5310625.026501722,2474,1546250.0077162834,625.0000031189504,1
1229,Mole Creek,B,3,0,False,258,0,623,2.4147286821705425,389375.0019431061,363,226875.001132179,625.0000031189504,1
1230,Mole Creek,B,3,0,False,149,0,299,2.0067114093959733,186875.00093256615,145,90625.0004522478,625.0000031189504,1
1235,Mole Creek,B,3,B,True,280,280,50069,178.81785714285715,31293125.156162728,29840,18650000.09306948,625.0000031189504,3
1233,Mole Creek,B,3,B,True,1627,1627,31,0.0190534726490473,19375.00009668746,27,16875.00008421166,625.0000031189504,1
1231,Mole Creek,B,3,0,False,770,0,1444,1.8753246753246755,902500.0045037644,612,382500.00190879765,625.0000031189504,1
1243,Mole Creek,B,3,0,False,98,0,158,1.6122448979591837,98750.00049279416,53,33125.00016530437,625.0000031189504,1
1244,Mole Creek,B,3,0,False,101,0,247,2.445544554455445,154375.00077038075,123,76875.0003836309,625.0000031189504,1
1298,Mole Creek (Chudleigh Hill),A,4,0,False,214,0,838,3.9158878504672896,523750.0026136805,623,389375.0019431061,625.0000031189504,1
1245,Mole Creek,B,3,0,False,215,0,747,3.474418604651163,466875.002329856,403,251875.00125693704,625.0000031189504,1
1253,Mole Creek,B,3,B,True,11729,11729,1777,0.151504817119959,1110625.005542375,1666,1041250.0051961712,625.0000031189504,1
1234,Mole Creek,B,3,B,True,11919,11919,1586,0.1330648544340968,991250.0049466554,392,245000.00122262855,625.0000031189504,1
1246,Mole Creek,B,3,0,False,160,0,208,1.3,130000.00064874168,40,25000.00012475801,625.0000031189504,1
1283,Mole Creek,A,4,0,False,57,0,4275,75.0,2671875.013333513,4204,2627500.013112068,625.0000031189504,3
1237,Mole Creek,A,4,0,False,72,0,4313,59.90277777777778,2695625.013452033,3999,2499375.0124726826,625.0000031189504,3
1292,Mole Creek,A,4,0,False,13734,0,74213,5.403596912771225,46383125.231466666,28084,17552500.0875926,625.0000031189504,1
1270,Mole Creek,A,4,0,False,967,0,22171,22.927611168562564,13856875.06915025,15985,9990625.049856422,625.0000031189504,2
1269,Mole Creek,A,4,0,False,291,0,9502,32.65292096219931,5938750.029636267,8350,5218750.026043236,625.0000031189504,2
1293,Mole Creek,A,4,0,False,36883,0,98595,2.673182767128488,61621875.30751292,48055,30034375.14988116,625.0000031189504,1
1295,Mole Creek,A,4,0,False,888,0,888,1.0,555000.002769628,0,0.0,625.0000031189504,1
1238,Mole Creek,B,3,0,False,266,0,1694,6.368421052631579,1058750.005283502,151,94375.00047096152,625.0000031189504,2
1240,Mole Creek,B,3,0,False,315,0,1248,3.961904761904762,780000.0038924501,840,525000.0026199183,625.0000031189504,1
1239,Mole Creek,B,3,0,False,39,0,54,1.3846153846153846,33750.00016842332,15,9375.000046784256,625.0000031189504,1
1287,Mole Creek,A,4,0,False,11921,0,46481,3.8990856471772495,29050625.144971933,27297,17060625.08513799,625.0000031189504,1
1241,Mole Creek,B,3,0,False,101,0,548,5.425742574257426,342500.00170918484,447,279375.00139417086,625.0000031189504,1
1284,Mole Creek,A,4,0,False,247,0,5645,22.85425101214575,3528125.017606475,4506,2816250.0140539906,625.0000031189504,2
1285,Mole Creek,A,4,0,False,875,0,1711,1.9554285714285715,1069375.0053365242,5,3125.000015594752,625.0000031189504,1
1263,Mole Creek,A,4,0,False,829,0,1880,2.267792521109771,1175000.0058636267,565,353125.00176220696,625.0000031189504,1
1242,Mole Creek,B,3,0,False,172,0,1429,8.30813953488372,893125.0044569802,1257,785625.0039205207,625.0000031189504,2
1275,Mole Creek,A,4,0,False,108,0,6804,63.0,4252500.021221339,4285,2678125.0133647025,625.0000031189504,3
1286,Mole Creek,A,4,0,False,142,0,208,1.4647887323943662,130000.00064874168,0,0.0,625.0000031189504,1
1249,Mole Creek,A,4,A,True,4013,4013,39,0.00971841515076,24375.000121639063,13,8125.000040546355,625.0000031189504,1
1288,Mole Creek,A,4,0,False,1832,0,16964,9.259825327510915,10602500.052909875,9334,5833750.029112283,625.0000031189504,2
1267,Mole Creek,A,4,0,False,125246,0,601186,4.8000415182920015,375741251.8750693,282655,176659375.88158694,625.0000031189504,1
1276,Mole Creek,A,4,0,False,47,0,358,7.617021276595745,223750.00111658423,0,0.0,625.0000031189504,2
1247,Mole Creek,B,3,0,False,68,0,86,1.2647058823529411,53750.000268229735,0,0.0,625.0000031189504,1
1250,Mole Creek,A,4,A,True,695,695,0,0.0,0.0,0,0.0,625.0000031189504,1
1277,Mole Creek,A,4,0,False,572,0,634,1.1083916083916083,396250.0019774146,38,23750.000118520114,625.0000031189504,1
1251,Mole Creek,A,4,A,True,398,398,1,0.0025125628140703,625.0000031189504,1,625.0000031189504,625.0000031189504,1
1289,Mole Creek,A,4,0,False,211,0,764,3.620853080568721,477500.0023828781,212,132500.0006612175,625.0000031189504,1
1291,Mole Creek,A,4,0,False,4631,0,38600,8.335132800690996,24125000.120391484,33608,21005000.10482169,625.0000031189504,2
1272,Mole Creek,A,4,0,False,3802,0,11597,3.0502367175170964,7248125.036170468,5700,3562500.0177780176,625.0000031189504,1
1264,Mole Creek,A,4,0,False,4891,0,115698,23.655285217746883,72311250.36085632,61589,38493125.19209304,625.0000031189504,2
1279,Mole Creek,A,4,0,False,83,0,1196,14.409638554216867,747500.0037302647,725,453125.0022612391,625.0000031189504,2
1262,Mole Creek,A,4,0,False,4883,0,67463,13.815891869752202,42164375.21041376,31352,19595000.09778533,625.0000031189504,2
1278,Mole Creek,A,4,0,False,38,0,141,3.710526315789474,88125.000439772,8,5000.000024951603,625.0000031189504,1
1271,Mole Creek,A,4,0,False,107,0,107,1.0,66875.0003337277,0,0.0,625.0000031189504,1
1294,Mole Creek,A,4,0,False,4721,0,70547,14.943232366024148,44091875.2200326,25871,16169375.080690367,625.0000031189504,2
1259,Mole Creek,A,4,0,False,272,0,1863,6.849264705882353,1164375.005810605,703,439375.00219262217,625.0000031189504,2
1290,Mole Creek,A,4,0,False,441,0,2186,4.956916099773243,1366250.0068180256,1745,1090625.0054425686,625.0000031189504,1
1296,Mole Creek,A,4,0,False,12790,0,446521,34.91172791243159,279075626.39267683,207169,129480625.64614984,625.0000031189504,2
1265,Mole Creek,A,4,0,False,1379,0,1912,1.3865119651921682,1195000.0059634333,526,328750.0016405679,625.0000031189504,1
1266,Mole Creek,A,4,0,False,3028,0,447809,147.88936591809775,279880626.39669406,208334,130208750.64978342,625.0000031189504,3
1252,Mole Creek,A,4,A,True,1164,1164,25,0.0214776632302405,15625.00007797376,11,6875.000034308455,625.0000031189504,1
1260,Mole Creek,A,4,0,False,51,0,117468,2303.294117647059,73417500.36637686,45963,28726875.14335632,625.0000031189504,4
1268,Mole Creek,A,4,0,False,341,0,820,2.404692082111437,512500.0025575393,119,74375.0003711551,625.0000031189504,1
1261,Mole Creek,A,4,0,False,61,0,308,5.049180327868853,192500.00096063677,0,0.0,625.0000031189504,1
1297,Mole Creek,A,4,0,False,4633,0,14500,3.1297215627023527,9062500.04522478,8704,5440000.027147344,625.0000031189504,1
1280,Mole Creek,A,4,0,False,67,0,183,2.7313432835820897,114375.00057076792,0,0.0,625.0000031189504,1
